split,epoch,train_loss,train_acc,train_auc,train_f1,test_loss,test_acc,test_auc,test_f1
0,1,1.7309355815251668,0.48333333333333334,0.4411846496106785,0.651685393258427,1.7180484784121561,0.49504950495049505,0.43617647058823533,0.6622516556291391
0,2,0.953606653213501,0.4875,0.4949807755876059,0.6495726495726496,0.7164687337261615,0.5445544554455446,0.6677450980392157,0.6737588652482269
0,3,0.7080331603686015,0.47291666666666665,0.5091374269005848,0.6421499292786421,0.6773406093073363,0.504950495049505,0.6957843137254901,0.6644295302013423
0,4,0.6577015280723572,0.4583333333333333,0.6426678367705134,0.6209912536443148,0.6306464607172674,0.49504950495049505,0.7759803921568628,0.6622516556291391
0,5,0.6416615903377533,0.525,0.679678809788654,0.6647058823529411,0.6281432571387527,0.6336633663366337,0.7399019607843138,0.7016129032258065
0,6,0.5871364196141561,0.5770833333333333,0.7577809268881541,0.7152875175315568,0.5920793797710154,0.5495049504950495,0.7536274509803921,0.6738351254480287
0,7,0.5596025625864665,0.61875,0.7873099893785586,0.7272727272727273,0.5821515006003993,0.6584158415841584,0.7668627450980392,0.7160493827160493
0,8,0.5725282520055771,0.6208333333333333,0.7772758075446127,0.7129337539432177,0.5836881859467762,0.6584158415841584,0.7643137254901963,0.7160493827160493
0,9,0.5514305224021275,0.6520833333333333,0.7950895105137956,0.7248764415156508,0.6187625005103574,0.7079207920792079,0.7727450980392156,0.7203791469194313
0,10,0.539310618241628,0.65625,0.8016960094920695,0.7005444646098004,0.5893134811136982,0.6633663366336634,0.7763725490196078,0.7166666666666667
0,11,0.5309243480364482,0.6791666666666667,0.8116870679598127,0.7516129032258064,0.5780347992878149,0.6633663366336634,0.7733333333333333,0.734375
0,12,0.5174445559581121,0.7083333333333334,0.8238059584544932,0.7741935483870968,0.5988333715070592,0.6732673267326733,0.7670588235294118,0.717948717948718
0,13,0.5052342514197031,0.6833333333333333,0.8331293706293705,0.7610062893081762,0.6296247479939224,0.6534653465346535,0.7667647058823529,0.7154471544715447
0,14,0.595850427945455,0.7020833333333333,0.771237516283109,0.7547169811320755,0.5725040146619966,0.6336633663366337,0.7759803921568628,0.6991869918699187
0,15,0.5522491425275803,0.6375,0.7944664031620553,0.7314814814814815,0.6130628278940031,0.5742574257425742,0.7884313725490196,0.6906474820143885
0,16,0.6015401770671208,0.64375,0.7503846153846154,0.6862385321100918,0.5667872847896991,0.6534653465346535,0.7788235294117647,0.717741935483871
0,17,0.49869581262270607,0.6875,0.8393201270855397,0.7483221476510067,0.6142077935804234,0.698019801980198,0.7585294117647059,0.7312775330396476
0,18,0.524057333668073,0.7020833333333333,0.8177945387247714,0.7337057728119181,0.6158801686055589,0.7128712871287128,0.7625490196078433,0.7387387387387387
0,19,0.5870952288309733,0.63125,0.760722543855074,0.7168,0.5813231326565884,0.6039603960396039,0.7609803921568629,0.689922480620155
0,20,0.5145314822594325,0.6520833333333333,0.8296783625730995,0.7145299145299145,0.5983915659460691,0.6782178217821783,0.7619607843137254,0.7136563876651982
0,21,0.5135682245095571,0.6875,0.8247354497354497,0.7232472324723247,0.6041810719093473,0.6881188118811881,0.7600980392156862,0.7296137339055794
0,22,0.5155811011791229,0.7166666666666667,0.8259254114869088,0.7630662020905923,0.6045488721073264,0.6188118811881188,0.7598039215686275,0.6907630522088354
0,23,0.5577703366676966,0.6583333333333333,0.7896254603571677,0.7201365187713311,0.6627795436594746,0.594059405940594,0.7355882352941177,0.6917293233082706
0,24,0.5116097182035446,0.7104166666666667,0.8288255360623783,0.7458866544789763,0.6227561418372806,0.6039603960396039,0.7679411764705882,0.6923076923076923
0,25,0.5549045205116272,0.6354166666666666,0.7914959372178622,0.7145187601957586,0.5920321315822035,0.6188118811881188,0.7545098039215687,0.7003891050583657
0,26,0.4901980976263682,0.71875,0.8454242234730039,0.7723440134907251,0.5948419730262001,0.7029702970297029,0.7751960784313726,0.7321428571428571
0,27,0.5123083750406902,0.7145833333333333,0.8269935241931283,0.7650085763293311,0.57780390800816,0.6485148514851485,0.7818627450980392,0.7125506072874493
0,28,0.4979526643951734,0.6854166666666667,0.8409900130264872,0.7470686767169179,0.5818734351951297,0.6584158415841584,0.7754901960784314,0.7136929460580913
0,29,0.509591493010521,0.7041666666666667,0.827687443541102,0.757679180887372,0.5991228635948483,0.6336633663366337,0.7737254901960784,0.7086614173228346
0,30,0.4813777084151904,0.7375,0.8495718462823726,0.7885906040268457,0.6219327721265283,0.6188118811881188,0.762156862745098,0.6980392156862745
0,31,0.45869170824686684,0.7270833333333333,0.8692064484747413,0.768141592920354,0.6454442975544693,0.6336633663366337,0.7648039215686275,0.7109375
0,32,0.5597803831100464,0.6854166666666667,0.7929651556450633,0.7427597955706985,0.5903794246144815,0.6534653465346535,0.7647058823529411,0.7107438016528925
0,33,0.5018200089534124,0.6729166666666667,0.8391489361702127,0.7479935794542536,0.6354174537233787,0.6782178217821783,0.7588235294117647,0.7031963470319634
0,34,0.4932330270608266,0.7333333333333333,0.8424521739130435,0.7777777777777778,0.6078638345888345,0.6633663366336634,0.7696078431372548,0.7017543859649122
0,35,0.5162825047969818,0.6645833333333333,0.8237103726362625,0.7382113821138211,0.6003983504701369,0.6435643564356436,0.7708823529411765,0.7024793388429752
0,36,0.507104421655337,0.70625,0.8264003761034983,0.7354596622889306,0.6134143725480183,0.693069306930693,0.768235294117647,0.7155963302752294
0,37,0.5241322323679924,0.7020833333333333,0.8184281372123317,0.7604690117252931,0.5965753085542433,0.6732673267326733,0.7692156862745098,0.7079646017699115
0,38,0.488876736164093,0.7333333333333333,0.8444580419580421,0.7915309446254072,0.6391354521902481,0.6633663366336634,0.7660784313725489,0.7068965517241379
0,39,0.49821717937787374,0.7229166666666667,0.838326797385621,0.759493670886076,0.6252058431653693,0.6732673267326733,0.7636274509803923,0.7079646017699115
0,40,0.5392348224918048,0.6666666666666666,0.8024708519400185,0.735973597359736,0.5857664140144198,0.6534653465346535,0.7776470588235294,0.7222222222222222
0,41,0.493462731440862,0.70625,0.841615284411637,0.7622259696458684,0.6142560579989216,0.7079207920792079,0.7707843137254903,0.7354260089686099
0,42,0.5301041811704635,0.6770833333333334,0.8127097902097902,0.7551342812006319,0.5940147921590522,0.6138613861386139,0.778235294117647,0.7022900763358778
0,43,0.49070580999056496,0.70625,0.8489969604863221,0.7539267015706806,0.6298398989261967,0.6633663366336634,0.7542156862745097,0.711864406779661
0,44,0.5431799481312434,0.6791666666666667,0.8002988653542076,0.7279151943462897,0.6493860371042006,0.6287128712871287,0.7531372549019608,0.701195219123506
0,45,0.46961477895577747,0.7,0.8595982569141826,0.7559322033898305,0.6317684213713844,0.6386138613861386,0.7595098039215686,0.7044534412955465
0,46,0.5225335081418355,0.71875,0.8242841495853546,0.7540983606557377,0.6131715827649182,0.6435643564356436,0.7717647058823529,0.7073170731707317
0,47,0.5015824755032857,0.6958333333333333,0.8340798611111112,0.7542087542087542,0.5672721809679919,0.6831683168316832,0.7872549019607844,0.7241379310344828
0,48,0.4733879496653875,0.7229166666666667,0.8567136704640177,0.7749576988155669,0.6458742904781115,0.6782178217821783,0.7627450980392156,0.7004608294930875
0,49,0.5240975737571716,0.6895833333333333,0.8193836425543743,0.736283185840708,0.6120526454236248,0.6732673267326733,0.7586274509803922,0.717948717948718
0,50,0.4442568610111872,0.7458333333333333,0.8763602120535714,0.7732342007434945,0.65503593069492,0.6831683168316832,0.7552941176470589,0.7192982456140351
0,51,0.4866713285446167,0.7354166666666667,0.8485817575083426,0.7829059829059829,0.6398035217039656,0.6683168316831684,0.7577450980392157,0.7048458149779736
0,52,0.5344281375408173,0.6875,0.8130602459870754,0.7431506849315068,0.6123741298618883,0.6435643564356436,0.7684313725490195,0.7
0,53,0.5430229177077611,0.6895833333333333,0.8000729217306758,0.7487352445193929,0.6287763862326594,0.6386138613861386,0.7454901960784314,0.7091633466135459
0,54,0.48215705156326294,0.6958333333333333,0.8468715122767857,0.7355072463768116,0.6333878317681869,0.6633663366336634,0.7554901960784314,0.7043478260869566
0,55,0.45749792257944744,0.73125,0.8667917448405253,0.774869109947644,0.6189186992031512,0.6683168316831684,0.7631372549019608,0.7074235807860262
0,56,0.5246128916740418,0.6895833333333333,0.8198345383759733,0.7512520868113522,0.6466012455449246,0.6683168316831684,0.744313725490196,0.6995515695067265
0,57,0.46062882244586945,0.75625,0.8615021406296801,0.7655310621242485,0.6482966784203407,0.693069306930693,0.766078431372549,0.7181818181818181
0,58,0.5260663037498792,0.6854166666666667,0.8184206405817775,0.7249544626593807,0.6085364647430949,0.6287128712871287,0.7522549019607845,0.701195219123506
0,59,0.5097083518902461,0.6791666666666667,0.8267784896945702,0.7363013698630136,0.6531469733408182,0.6386138613861386,0.7449019607843137,0.6893617021276596
0,60,0.49904750982920326,0.7,0.842022089469297,0.7491289198606271,0.627594794377242,0.6584158415841584,0.7568627450980392,0.6986899563318777
0,61,0.5371556888024013,0.6833333333333333,0.8056079335149102,0.7579617834394905,0.6058042090718109,0.6732673267326733,0.7667647058823529,0.7105263157894737
0,62,0.4578990176320076,0.7604166666666666,0.8646782608695652,0.7978910369068541,0.639089312293742,0.6782178217821783,0.7496078431372549,0.7161572052401747
0,63,0.5045264919598897,0.7041666666666667,0.8338697611301519,0.7656765676567657,0.606853691658171,0.6287128712871287,0.7571568627450981,0.6938775510204082
0,64,0.47307398120562233,0.71875,0.8539981481157952,0.7504621072088724,0.6389203260440638,0.6683168316831684,0.7604901960784314,0.7172995780590717
0,65,0.44410997728506724,0.7729166666666667,0.8733245364261407,0.8063943161634103,0.6650205738473647,0.6782178217821783,0.7418627450980392,0.7111111111111111
0,66,0.49115625470876695,0.74375,0.8461778850327262,0.7791741472172352,0.6427712652942922,0.6782178217821783,0.7397058823529411,0.7085201793721974
0,67,0.4587272177139918,0.7583333333333333,0.8665428219239917,0.7913669064748201,0.6604375107453602,0.6881188118811881,0.7397058823529411,0.7174887892376681
0,68,0.5248831629753112,0.7145833333333333,0.822041852057842,0.7495429616087751,0.6002280753437835,0.6782178217821783,0.7661764705882353,0.7280334728033473
0,69,0.5123872846364975,0.6770833333333334,0.8242745720716791,0.7186932849364791,0.6239402028593687,0.6237623762376238,0.7482352941176471,0.6935483870967742
0,70,0.43261999090512593,0.7708333333333334,0.8847405139268254,0.8103448275862069,0.6703794982173655,0.6336633663366337,0.7504901960784314,0.704
0,71,0.45974500278631847,0.7583333333333333,0.8651351773714644,0.7906137184115524,0.6663976807405453,0.6831683168316832,0.7451960784313726,0.7090909090909091
0,72,0.4455395648876826,0.7520833333333333,0.8721446093355835,0.8019966722129783,0.6482734650668531,0.6782178217821783,0.7471568627450981,0.7161572052401747
0,73,0.44459059288104374,0.7666666666666667,0.8726820010099076,0.8101694915254237,0.6633310500938113,0.6237623762376238,0.7402941176470589,0.6833333333333333
0,74,0.47910237063964206,0.725,0.849380395433027,0.76,0.6438704144836652,0.6683168316831684,0.7537254901960785,0.7048458149779736
0,75,0.50132288535436,0.70625,0.8330986282793511,0.7614213197969543,0.6486944196247818,0.6138613861386139,0.7491176470588236,0.6953125
0,76,0.4889444142580032,0.6875,0.8427251691922266,0.7321428571428571,0.6661927499393425,0.6584158415841584,0.7469607843137255,0.6960352422907489
0,77,0.48149036516745886,0.73125,0.8495807218875326,0.773286467486819,0.6772922787925985,0.7029702970297029,0.7500980392156862,0.7
0,78,0.46850472639004387,0.7458333333333333,0.8584052287581698,0.7918088737201365,0.6665520550000785,0.5891089108910891,0.7404901960784313,0.6795366795366795
0,79,0.4105409284432729,0.7625,0.8953350945494996,0.791970802919708,0.6698502266761099,0.693069306930693,0.7480392156862745,0.7155963302752294
0,80,0.484292234480381,0.7375,0.8479895788102475,0.7683823529411765,0.6448465992908666,0.6534653465346535,0.748235294117647,0.7033898305084746
0,81,0.49402206142743427,0.6875,0.8401815282718018,0.7619047619047619,0.6426712814534065,0.6881188118811881,0.7474509803921567,0.7014218009478673
0,82,0.5041419635216395,0.725,0.8373178248681026,0.7785234899328859,0.6119089380349263,0.6782178217821783,0.7518627450980392,0.7161572052401747
0,83,0.4652772441506386,0.7125,0.8613577522545222,0.77,0.6313365591634618,0.6732673267326733,0.7515686274509803,0.7079646017699115
0,84,0.5453756392002106,0.6541666666666667,0.7999088103254769,0.6981818181818182,0.6072046225613886,0.6732673267326733,0.7547058823529412,0.717948717948718
0,85,0.4589873085419337,0.7375,0.8635992424110788,0.7725631768953068,0.6336809355433625,0.6584158415841584,0.7572549019607844,0.7112970711297071
0,86,0.4867247581481934,0.7416666666666667,0.8505876838139552,0.7777777777777778,0.6472583702295134,0.6435643564356436,0.7529411764705882,0.7073170731707317
0,87,0.49329522202412285,0.7041666666666667,0.8407528300576429,0.7534722222222222,0.6231553147334864,0.6188118811881188,0.7297058823529412,0.6932270916334662
0,88,0.50221775273482,0.675,0.8330729166666666,0.738255033557047,0.6332475767277255,0.6732673267326733,0.7584313725490195,0.717948717948718
0,89,0.39905535578727724,0.79375,0.9014329135909682,0.8216216216216217,0.6802969692957284,0.6881188118811881,0.7550980392156863,0.7224669603524229
0,90,0.4396022622783979,0.7541666666666667,0.8759467722882358,0.7907801418439716,0.6543310815745061,0.6386138613861386,0.7515686274509804,0.6784140969162996
0,91,0.45191939969857536,0.75,0.869057810234281,0.7718631178707225,0.6564010594150808,0.6683168316831684,0.7515686274509804,0.6995515695067265
0,92,0.48100546896457674,0.7416666666666667,0.8503021043127995,0.7809187279151943,0.6573569656598686,0.6633663366336634,0.7456862745098038,0.6964285714285714
0,93,0.47080865999062854,0.7208333333333333,0.8578026251823044,0.7673611111111112,0.640548055124755,0.6683168316831684,0.7544117647058823,0.70995670995671
0,94,0.451911727587382,0.7395833333333334,0.8697516339869281,0.7884940778341794,0.6803872369893706,0.6633663366336634,0.7451960784313726,0.6909090909090909
0,95,0.45878033141295116,0.7270833333333333,0.865499817679846,0.7689594356261023,0.6478612659001114,0.6534653465346535,0.7546078431372548,0.7008547008547008
0,96,0.49163127491871517,0.6979166666666666,0.8410974613820785,0.7415329768270945,0.6216981322458475,0.6386138613861386,0.763921568627451,0.7020408163265306
0,97,0.4507135470708211,0.7666666666666667,0.8700474330357142,0.7894736842105263,0.6285563368018311,0.7128712871287128,0.7689215686274511,0.7289719626168224
0,98,0.4996495892604192,0.7333333333333333,0.8334522173315472,0.7800687285223368,0.6002989977893263,0.6732673267326733,0.7667647058823529,0.7203389830508474
0,99,0.46325578292210895,0.7583333333333333,0.8642466348241425,0.7964912280701755,0.6598137268925658,0.6485148514851485,0.7595098039215686,0.7053941908713693
0,100,0.5131413226326307,0.7041666666666667,0.8245797040977765,0.7455197132616488,0.5988598672470243,0.6534653465346535,0.7623529411764707,0.7131147540983607
0,101,0.4876872345805168,0.7166666666666667,0.8444475373614713,0.7518248175182481,0.6423866748809814,0.6881188118811881,0.7516666666666667,0.7149321266968326
0,102,0.4316380108396212,0.7541666666666667,0.8802086993183895,0.7704280155642024,0.676371445160101,0.6683168316831684,0.7383333333333334,0.6883720930232559
0,103,0.492448819677035,0.7291666666666666,0.8421043478260869,0.7727272727272727,0.6220403549694778,0.6782178217821783,0.7534313725490196,0.7058823529411765
0,104,0.4530274122953415,0.71875,0.8694322840664304,0.7619047619047619,0.6344511992860549,0.6881188118811881,0.7555882352941177,0.7096774193548387
0,105,0.5541765511035919,0.6979166666666666,0.8000486246179495,0.7478260869565218,0.6299746898141237,0.6683168316831684,0.7443137254901961,0.7124463519313304
0,106,0.47849145929018655,0.7145833333333333,0.8537821837184673,0.7625649913344887,0.6554066296851281,0.6237623762376238,0.7391176470588234,0.6910569105691057
0,107,0.4467613160610199,0.7395833333333334,0.8740705996803558,0.7841105354058722,0.6368826798873373,0.6782178217821783,0.7567647058823529,0.7136563876651982
0,108,0.4551331912477811,0.7416666666666667,0.8680783741024705,0.7898305084745763,0.6672915305831645,0.7029702970297029,0.7508823529411764,0.7115384615384616
0,109,0.46618116994698844,0.75,0.860817575083426,0.7879858657243817,0.6409423280470442,0.6633663366336634,0.7529411764705882,0.6991150442477876
0,110,0.48087763984998066,0.7145833333333333,0.8482414506510891,0.7486238532110092,0.6408338847726879,0.6287128712871287,0.7587254901960784,0.6987951807228916
0,111,0.4464452068010966,0.7458333333333333,0.8734842290227737,0.7966666666666666,0.6229257979015312,0.6584158415841584,0.7491176470588236,0.7012987012987013
0,112,0.43833646376927693,0.75,0.8793208215420407,0.7879858657243817,0.6562647565756694,0.6287128712871287,0.7331372549019608,0.6887966804979253
0,113,0.4188076749444008,0.7916666666666666,0.888503079688018,0.8031496062992126,0.6686188749747701,0.6633663366336634,0.7455882352941177,0.7068965517241379
0,114,0.4283704111973445,0.7729166666666667,0.8826875902503523,0.8110918544194108,0.6306724507029694,0.6435643564356436,0.7553921568627451,0.6974789915966386
0,115,0.4852002163728078,0.70625,0.8466427045892587,0.7573149741824441,0.6401492552001877,0.6386138613861386,0.7588235294117647,0.6970954356846473
0,116,0.4197149023413658,0.7625,0.8866149182597115,0.8093645484949833,0.6431331935495433,0.6138613861386139,0.7631372549019606,0.6854838709677419
0,117,0.4218247895439466,0.7791666666666667,0.8878741579276338,0.8093525179856115,0.6681593249339869,0.693069306930693,0.7661764705882353,0.7047619047619048
0,118,0.47828260163466135,0.7354166666666667,0.8557913043478261,0.7626168224299066,0.6435271159257039,0.6782178217821783,0.7688235294117648,0.723404255319149
0,119,0.4365402951836586,0.7625,0.8796965067018543,0.7949640287769785,0.6560957844894711,0.6881188118811881,0.7530392156862744,0.7174887892376681
0,120,0.4900677184263865,0.71875,0.8457663916630482,0.7584973166368515,0.6463578815507417,0.6336633663366337,0.7395098039215686,0.6864406779661016
0,121,0.40585457583268486,0.7791666666666667,0.8996110841030626,0.8107142857142857,0.6408878452707045,0.6584158415841584,0.7605882352941177,0.6933333333333334
0,122,0.4444276365141074,0.7645833333333333,0.8759875675018667,0.7926605504587156,0.6304084345845893,0.6584158415841584,0.7626470588235293,0.6960352422907489
0,123,0.47257330020268756,0.75,0.8536780152433202,0.7744360902255639,0.6181236216337374,0.6633663366336634,0.7642156862745099,0.7068965517241379
0,124,0.4335470750927925,0.7479166666666667,0.8814398083033808,0.7910189982728842,0.6271987474790894,0.6584158415841584,0.757156862745098,0.7063829787234043
0,125,0.42199471990267434,0.7666666666666667,0.8872010567296997,0.79182156133829,0.6629821448632987,0.6683168316831684,0.756078431372549,0.6940639269406392
0,126,0.4552435596783956,0.7416666666666667,0.8663518463862219,0.7785714285714286,0.6387962580907462,0.6732673267326733,0.761078431372549,0.7130434782608696
0,127,0.4225758453210195,0.8020833333333334,0.8877249669932598,0.8197343453510436,0.6498693882828892,0.6782178217821783,0.763921568627451,0.7085201793721974
0,128,0.45900094707806904,0.7625,0.8644157121776402,0.8093645484949833,0.6554391637887105,0.6336633663366337,0.7611764705882353,0.6991869918699187
0,129,0.4841181844472885,0.7145833333333333,0.8495898220244716,0.7557932263814616,0.6364375252534847,0.6485148514851485,0.7622549019607844,0.710204081632653
0,130,0.4734388033548991,0.7354166666666667,0.8538608695652172,0.7703435804701627,0.6035577619429862,0.6683168316831684,0.7754901960784314,0.7148936170212766
0,131,0.460320042570432,0.7145833333333333,0.8641810225062516,0.7658119658119659,0.6421566871133181,0.6287128712871287,0.7649019607843137,0.701195219123506
0,132,0.437168658276399,0.7520833333333333,0.8790436005625879,0.781651376146789,0.6618886955893866,0.6732673267326733,0.7662745098039216,0.7272727272727273
0,133,0.45424253394206365,0.75,0.8681293864220693,0.7857142857142857,0.6222406065109933,0.6386138613861386,0.7685294117647058,0.7044534412955465
0,134,0.4869963566462199,0.7291666666666666,0.842758596540374,0.7547169811320755,0.6207255195863176,0.6584158415841584,0.7683333333333333,0.703862660944206
0,135,0.4962542876601219,0.7479166666666667,0.8380868802106187,0.8045234248788369,0.6099943323890762,0.6287128712871287,0.7688235294117647,0.6963562753036437
0,136,0.45399807741244635,0.7520833333333333,0.8636915123701008,0.8083735909822867,0.6057154441824054,0.6336633663366337,0.779607843137255,0.7109375
0,137,0.4805138349533081,0.7333333333333333,0.8489861166617435,0.7770034843205574,0.6136770767740684,0.6386138613861386,0.7647058823529411,0.7044534412955465
0,138,0.40499462286631266,0.74375,0.9015009380863039,0.7939698492462312,0.6249208473923182,0.6732673267326733,0.7657843137254903,0.7
0,139,0.4798288991053899,0.7229166666666667,0.8516601833842735,0.768695652173913,0.6233246143501584,0.6633663366336634,0.7659803921568626,0.7043478260869566
0,140,0.43742557962735495,0.7479166666666667,0.8783339994092196,0.7787934186471663,0.6246980889008777,0.6485148514851485,0.7633333333333333,0.6899563318777293
0,141,0.41244022697210314,0.7791666666666667,0.8934208470073449,0.8044280442804428,0.636703366690343,0.6732673267326733,0.7674509803921569,0.717948717948718
0,142,0.452995191514492,0.73125,0.8713617147131997,0.7667269439421338,0.6283026027797473,0.693069306930693,0.7716666666666666,0.7075471698113207
0,143,0.4555017729600271,0.7333333333333333,0.8651324359531046,0.7638376383763837,0.611506192400904,0.6782178217821783,0.7743137254901961,0.7257383966244726
0,144,0.4084688757856687,0.775,0.8963818375583081,0.7954545454545454,0.6387779931030652,0.6683168316831684,0.7710784313725491,0.7022222222222222
0,145,0.47460047403971356,0.76875,0.8571155749231757,0.7963302752293578,0.6122733543414881,0.6683168316831684,0.777843137254902,0.7124463519313304
0,146,0.43149166107177733,0.76875,0.8828983695369067,0.7970749542961609,0.6245662398857645,0.6831683168316832,0.7713725490196078,0.7090909090909091
0,147,0.4752625450491905,0.7604166666666666,0.8528936813043705,0.7889908256880734,0.6233140590167282,0.6683168316831684,0.7669607843137254,0.7124463519313304
0,148,0.4642204910516739,0.7375,0.861580154263081,0.7820069204152249,0.6108095704919041,0.6584158415841584,0.7661764705882352,0.7063829787234043
0,149,0.46126374204953513,0.7541666666666667,0.862357599333148,0.7951388888888888,0.6373604261639094,0.6831683168316832,0.7603921568627451,0.7168141592920354
0,150,0.46603989948829017,0.7395833333333334,0.8608236683102993,0.7833622183708839,0.6273051818998734,0.6584158415841584,0.7596078431372548,0.6960352422907489
0,151,0.46668686866760256,0.7541666666666667,0.8583287024173382,0.7922535211267606,0.6246260109514293,0.6534653465346535,0.7638235294117647,0.7083333333333334
0,152,0.4197857027252515,0.7666666666666667,0.8912771720258351,0.7985611510791367,0.6283825771643383,0.6732673267326733,0.7655882352941177,0.7130434782608696
0,153,0.43676035006841024,0.7416666666666667,0.8779359863697213,0.7854671280276817,0.6340738511321569,0.6633663366336634,0.7669607843137254,0.711864406779661
0,154,0.45614970922470094,0.73125,0.8667340255034492,0.7641681901279708,0.6315892141054172,0.6782178217821783,0.7653921568627452,0.7111111111111111
0,155,0.47383719782034556,0.74375,0.856160697234327,0.783068783068783,0.6510578753924606,0.6633663366336634,0.7536274509803923,0.7017543859649122
0,156,0.3916398341457049,0.7895833333333333,0.9052340928035564,0.8160291438979964,0.6647434632967014,0.6485148514851485,0.7555882352941176,0.6872246696035242
0,157,0.4171581750114759,0.7770833333333333,0.8923652173913044,0.8072072072072072,0.665440833804631,0.6584158415841584,0.7615686274509803,0.6905829596412556
0,158,0.4330142423510551,0.775,0.8814601278132815,0.8036363636363636,0.6625144210192236,0.6633663366336634,0.7517647058823529,0.7017543859649122
0,159,0.4500019460916519,0.7395833333333334,0.8684352158891648,0.7755834829443446,0.6342584874370311,0.6485148514851485,0.7554901960784314,0.6926406926406926
0,160,0.43937899072964987,0.7416666666666667,0.8776917199222006,0.7793594306049823,0.6442625788178774,0.6386138613861386,0.7488235294117647,0.6755555555555556
0,161,0.45736142446597416,0.75,0.8642808677951948,0.7752808988764045,0.6306783450712071,0.6683168316831684,0.7638235294117647,0.7048458149779736
0,162,0.38838292509317396,0.7645833333333333,0.9103930828529759,0.8,0.6480023500942947,0.6584158415841584,0.7584313725490196,0.6933333333333334
0,163,0.4861542657017708,0.7583333333333333,0.8491214667685255,0.7835820895522388,0.6416890898553451,0.6534653465346535,0.7618627450980392,0.6956521739130435
0,164,0.3910858904321988,0.7625,0.9053983592880979,0.791970802919708,0.6381295476809586,0.6534653465346535,0.756764705882353,0.6902654867256637
0,165,0.4410209233562152,0.7375,0.8750520978049459,0.7773851590106007,0.6186760374815157,0.6831683168316832,0.7686274509803921,0.7117117117117117
0,166,0.42378809402386347,0.7458333333333333,0.8885763400531334,0.7859649122807018,0.6190242401444086,0.6881188118811881,0.7792156862745098,0.7224669603524229
0,167,0.4514632950226466,0.71875,0.8663506450660694,0.7584973166368515,0.6318216949406237,0.6782178217821783,0.7687254901960784,0.7186147186147186
0,168,0.41868124653895694,0.7520833333333333,0.8873639787946429,0.775047258979206,0.6346708391562547,0.6831683168316832,0.7649019607843137,0.7037037037037037
0,169,0.43785486221313474,0.75,0.8751138034876391,0.7665369649805448,0.6343506792984387,0.6683168316831684,0.7603921568627451,0.7022222222222222
0,170,0.38120842576026914,0.79375,0.9102905127001513,0.8156424581005587,0.649119502837115,0.6683168316831684,0.7590196078431373,0.7022222222222222
0,171,0.4225832050045331,0.7833333333333333,0.8877255126669097,0.8095238095238095,0.6351723735875422,0.6633663366336634,0.7629411764705881,0.6991150442477876
0,172,0.41537738343079883,0.7625,0.891542998312427,0.7873134328358209,0.6388795021736976,0.6683168316831684,0.7663725490196078,0.7074235807860262
0,173,0.3307046597202619,0.8166666666666667,0.9368184118232102,0.8287937743190662,0.6671298807210261,0.6831683168316832,0.7615686274509803,0.7090909090909091
0,174,0.4631754353642464,0.7583333333333333,0.8630260869565217,0.779467680608365,0.6694731594312309,0.6633663366336634,0.7607843137254902,0.7094017094017094
0,175,0.3930507813890775,0.7729166666666667,0.903776665971788,0.8077601410934744,0.658724574759455,0.6683168316831684,0.7614705882352941,0.7048458149779736
0,176,0.4232495201130708,0.78125,0.8879484149054505,0.8087431693989071,0.6612500259191683,0.693069306930693,0.762549019607843,0.7155963302752294
0,177,0.4266330718994141,0.7729166666666667,0.8859782135076253,0.809106830122592,0.6632110500099635,0.6534653465346535,0.761470588235294,0.7058823529411765
0,178,0.3991573055585225,0.775,0.9001988002232143,0.8175675675675675,0.6529359787997633,0.6534653465346535,0.764313725490196,0.6982758620689655
0,179,0.47411563247442245,0.7333333333333333,0.859602787093187,0.7664233576642335,0.6448333363721866,0.6534653465346535,0.7674509803921569,0.6875
0,180,0.41691260089476906,0.7604166666666666,0.8894291938997821,0.7784200385356455,0.653888987432612,0.6732673267326733,0.7562745098039216,0.7053571428571429
0,181,0.4599260340134303,0.7291666666666666,0.8615972500916056,0.7574626865671642,0.6325563581863253,0.6732673267326733,0.7668627450980392,0.7130434782608696
0,182,0.40867822666962944,0.7541666666666667,0.8967260095527574,0.7892857142857143,0.6430163932318734,0.6881188118811881,0.7633333333333333,0.7069767441860465
0,183,0.4525654251376788,0.7583333333333333,0.8695712598151623,0.7811320754716982,0.6506164752610839,0.6831683168316832,0.7584313725490196,0.7064220183486238
0,184,0.38919556165734925,0.8020833333333334,0.9042432888533203,0.8169556840077071,0.6485172279990545,0.6831683168316832,0.7618627450980392,0.7142857142857143
0,185,0.476968174179395,0.74375,0.8523270571463342,0.7767695099818511,0.6475615914505307,0.6782178217821783,0.7613725490196078,0.7136563876651982
0,186,0.393316804865996,0.7833333333333333,0.9065561809464249,0.8162544169611308,0.641272517124025,0.6782178217821783,0.7634313725490196,0.7161572052401747
0,187,0.43144625226656597,0.7270833333333333,0.8791896035119504,0.7560521415270018,0.6381044358310133,0.6683168316831684,0.7647058823529411,0.7048458149779736
0,188,0.3902144024769465,0.7895833333333333,0.9063482414242292,0.8153564899451554,0.6499210135771496,0.6732673267326733,0.7692156862745099,0.7105263157894737
0,189,0.4518075759212176,0.7395833333333334,0.8703430308293529,0.7848537005163512,0.6426906898470208,0.6633663366336634,0.7692156862745098,0.7068965517241379
0,190,0.4715237244963646,0.7354166666666667,0.8558481918088856,0.7728085867620751,0.6383415372064798,0.6683168316831684,0.7664705882352941,0.7022222222222222
0,191,0.3965183784564336,0.7708333333333334,0.902991304347826,0.7992700729927007,0.6396684947580394,0.6732673267326733,0.7655882352941176,0.7079646017699115
0,192,0.41703305691480635,0.78125,0.8908429245529418,0.8148148148148148,0.6443939799129372,0.6732673267326733,0.7681372549019607,0.7130434782608696
0,193,0.38956900835037234,0.7875,0.9068778107690438,0.8145454545454546,0.6309905630527156,0.6782178217821783,0.7729411764705882,0.7136563876651982
0,194,0.4341823766628901,0.76875,0.8814253959433176,0.800718132854578,0.634533155082476,0.6683168316831684,0.7696078431372548,0.7022222222222222
0,195,0.4324721097946167,0.74375,0.8780921190160965,0.7692307692307693,0.6450102004674402,0.6633663366336634,0.7613725490196079,0.6936936936936937
0,196,0.41571362415949503,0.7541666666666667,0.8916671007622718,0.7877697841726619,0.6427449702036263,0.6683168316831684,0.7649999999999999,0.7074235807860262
0,197,0.48357461641232174,0.7479166666666667,0.8504140696887098,0.7787934186471663,0.6265490385565428,0.6831683168316832,0.7730392156862745,0.7168141592920354
0,198,0.43957873185475665,0.7395833333333334,0.875119825708061,0.7654784240150094,0.6420113403018158,0.6485148514851485,0.7675490196078433,0.6872246696035242
0,199,0.38959114948908485,0.79375,0.9059269169953607,0.8216216216216217,0.6274524401910234,0.6534653465346535,0.7725490196078432,0.6875
0,200,0.43853362103303273,0.7645833333333333,0.8764582138076115,0.7855787476280834,0.6301164579863595,0.6782178217821783,0.7708823529411765,0.7136563876651982
1,1,0.7636745591958364,0.49166666666666664,0.47770213948318985,0.659217877094972,0.7822359989185145,0.49504950495049505,0.4292156862745098,0.6622516556291391
1,2,0.7078875402609507,0.49375,0.5453913043478261,0.6523605150214592,0.6804397159283704,0.49504950495049505,0.6249999999999999,0.6622516556291391
1,3,0.665522030989329,0.45416666666666666,0.6222950360077797,0.622478386167147,0.6334952381577822,0.49504950495049505,0.7566666666666667,0.6622516556291391
1,4,0.662451159954071,0.49375,0.6345378723107258,0.64,0.5956515061973345,0.504950495049505,0.7717647058823529,0.6666666666666666
1,5,0.6469617784023285,0.5229166666666667,0.6819708067294143,0.6587183308494784,0.5716529335125838,0.5396039603960396,0.8048039215686273,0.6825938566552902
1,6,0.6245621005694072,0.53125,0.7126340861280621,0.6861924686192469,0.6001657011485336,0.504950495049505,0.7686274509803922,0.6666666666666666
1,7,0.6349427223205566,0.5458333333333333,0.6944835619534415,0.6614906832298136,0.561680548261888,0.6188118811881188,0.7960784313725491,0.7116104868913857
1,8,0.60405359963576,0.5729166666666666,0.741839711091048,0.6879756468797564,0.5636374820577036,0.599009900990099,0.7907843137254901,0.7011070110701108
1,9,0.5999621689319611,0.5895833333333333,0.7409203915228012,0.7081481481481482,0.557831335185778,0.5693069306930693,0.8101960784313725,0.6968641114982579
1,10,0.6418517897526423,0.5583333333333333,0.6999479166666668,0.6697819314641744,0.6226008327880709,0.49504950495049505,0.7888235294117646,0.6622516556291391
1,11,0.645811899503072,0.5625,0.68488986171913,0.6893491124260355,0.5786321818238438,0.5297029702970297,0.7805882352941176,0.6779661016949152
1,12,0.6175203373034795,0.5354166666666667,0.7213319675688814,0.6646616541353384,0.5725462979609424,0.5693069306930693,0.7708823529411765,0.6741573033707865
1,13,0.623092504342397,0.5458333333333333,0.7111895161290323,0.6716867469879518,0.6055374051084613,0.504950495049505,0.760686274509804,0.6666666666666666
1,14,0.6273988167444865,0.55625,0.7086782608695652,0.6961483594864479,0.5723500057022171,0.5891089108910891,0.7820588235294117,0.7003610108303249
1,15,0.6214073677857717,0.5625,0.7176960178300917,0.6568627450980392,0.6111050224540258,0.5198019801980198,0.8255882352941176,0.6734006734006734
1,16,0.6155139148235321,0.5916666666666667,0.7194896964633808,0.7074626865671642,0.6168483979631179,0.49504950495049505,0.8073529411764706,0.6622516556291391
1,17,0.6499316434065501,0.5125,0.671704537558196,0.661849710982659,0.5405820779281088,0.5643564356435643,0.8197058823529412,0.6923076923076923
1,18,0.6093755493561427,0.6166666666666667,0.7317835379086444,0.7003257328990228,0.5483491491563249,0.599009900990099,0.8189215686274509,0.7096774193548387
1,19,0.5830929577350616,0.575,0.755651086171356,0.6542372881355932,0.5398085329792287,0.6732673267326733,0.8085294117647058,0.7401574803149606
1,20,0.5468913902839024,0.6208333333333333,0.7937877630390998,0.7092651757188498,0.5490933420634506,0.6188118811881188,0.7989215686274509,0.7049808429118773
1,21,0.6028607924779256,0.68125,0.7558646316264696,0.7402376910016978,0.585391356803403,0.6485148514851485,0.7698039215686274,0.7125506072874493
1,22,0.590376690030098,0.5479166666666667,0.7536246983035544,0.6687022900763359,0.5285689594722031,0.599009900990099,0.8316666666666667,0.7075812274368231
1,23,0.5583935767412186,0.6354166666666666,0.7812461831062101,0.6902654867256637,0.5552262132710749,0.5693069306930693,0.8060784313725491,0.6881720430107527
1,24,0.5936984737714132,0.5854166666666667,0.7512673611111111,0.6933744221879815,0.553557557634788,0.5792079207920792,0.7980392156862745,0.6953405017921147
1,25,0.5683957268794377,0.6354166666666666,0.777768130036121,0.7116968698517299,0.5436036887735424,0.6584158415841584,0.7993137254901961,0.7206477732793523
1,26,0.5421422113974889,0.6395833333333333,0.799419975890564,0.6948853615520282,0.5356144615919283,0.6336633663366337,0.8241176470588235,0.7196969696969697
1,27,0.6117759684721629,0.5833333333333334,0.7276422764227641,0.6688741721854304,0.5647502517936254,0.5247524752475248,0.7888235294117647,0.6712328767123288
1,28,0.5763429681460063,0.5979166666666667,0.762436263601479,0.7238912732474965,0.5343036462764928,0.5693069306930693,0.826078431372549,0.6925795053003534
1,29,0.6119140396515529,0.5708333333333333,0.7237729421579532,0.678125,0.5224430584671473,0.6732673267326733,0.8400980392156863,0.7480916030534351
1,30,0.5863457709550858,0.6,0.7596421609579503,0.7117117117117117,0.5610837765259318,0.5792079207920792,0.7951960784313725,0.697508896797153
1,31,0.591661720474561,0.5729166666666666,0.7485933592664629,0.6879756468797564,0.5545914379676969,0.5445544554455446,0.8037254901960784,0.6783216783216783
1,32,0.6231922894716263,0.5625,0.7189238042269188,0.6590909090909091,0.5965792005605036,0.5198019801980198,0.7965686274509802,0.6734006734006734
1,33,0.5963194489479064,0.58125,0.7409180512531681,0.6587436332767402,0.5797582445758405,0.5346534653465347,0.7686274509803921,0.6713286713286714
1,34,0.5803817232449849,0.6020833333333333,0.7631853241609339,0.6973058637083994,0.5454944354472774,0.6089108910891089,0.7991176470588236,0.704119850187266
1,35,0.5320532490809758,0.6458333333333334,0.8098239626682454,0.7068965517241379,0.576926323446897,0.5742574257425742,0.8011764705882353,0.6950354609929078
1,36,0.5604959865411122,0.63125,0.7872321940539696,0.7054908485856906,0.5851759851568996,0.5544554455445545,0.8020588235294118,0.6830985915492958
1,37,0.5867926985025406,0.5895833333333333,0.7534693877551022,0.688783570300158,0.5753028977035296,0.5396039603960396,0.7801960784313726,0.6782006920415224
1,38,0.6073750634988149,0.5791666666666667,0.7281980026052974,0.6994047619047619,0.6225726049725372,0.5495049504950495,0.787156862745098,0.6872852233676976
1,39,0.5722452243169148,0.6145833333333334,0.7710990100732442,0.6911519198664441,0.5551619305469022,0.6336633663366337,0.7972549019607843,0.725925925925926
1,40,0.6391661485036214,0.5791666666666667,0.7022608695652174,0.6599326599326599,0.5883642222621653,0.6237623762376238,0.7672549019607843,0.7142857142857143
1,41,0.5889067123333613,0.5833333333333334,0.7570964773693988,0.691358024691358,0.5853274272810115,0.6386138613861386,0.757156862745098,0.7091633466135459
1,42,0.59976393977801,0.5520833333333334,0.7455506117908788,0.6861313868613139,0.5796720066873153,0.5643564356435643,0.8007843137254902,0.6901408450704225
1,43,0.5741523782412211,0.6354166666666666,0.7732599524297297,0.7126436781609196,0.5601134264823233,0.6386138613861386,0.7900980392156862,0.7245283018867924
1,44,0.5723675280809403,0.60625,0.7717783078825023,0.6855241264559068,0.566247809051287,0.594059405940594,0.7913725490196079,0.7028985507246377
1,45,0.5022316326697668,0.6895833333333333,0.8336028095064241,0.7324955116696589,0.5770214377063336,0.6435643564356436,0.7985294117647059,0.7096774193548387
1,46,0.5337300012509029,0.6583333333333333,0.8076228198179417,0.722972972972973,0.5955949697164026,0.6089108910891089,0.805,0.7106227106227107
1,47,0.6163599749406179,0.6166666666666667,0.7312552213868004,0.6943521594684385,0.5585712105920999,0.6089108910891089,0.7866666666666665,0.7168458781362007
1,48,0.5943431158860525,0.6020833333333333,0.7448523917916283,0.7101669195751138,0.5840509374542991,0.5495049504950495,0.7700980392156863,0.6807017543859649
1,49,0.5945002019405365,0.5854166666666667,0.7484200291686923,0.6952526799387443,0.567874272861103,0.5495049504950495,0.7885294117647059,0.6807017543859649
1,50,0.6295341640710831,0.6,0.7116470608677521,0.6821192052980133,0.5815076527028981,0.5544554455445545,0.7968627450980392,0.6853146853146853
1,51,0.6165778209765752,0.49166666666666664,0.7142782362897175,0.6358208955223881,0.5774747351608654,0.5445544554455446,0.7723529411764706,0.6737588652482269
1,52,0.5937911460796992,0.5520833333333334,0.7548093617612335,0.6833578792341679,0.5718994854700448,0.5544554455445545,0.7702941176470588,0.6691176470588235
1,53,0.6037091751893361,0.56875,0.7370683653578389,0.684931506849315,0.5689453783601818,0.5148514851485149,0.8025490196078431,0.6666666666666666
1,54,0.6220822523037592,0.5458333333333333,0.7079826086956522,0.6912181303116147,0.5688320581275638,0.5297029702970297,0.7819607843137255,0.6735395189003437
1,55,0.5665088713169097,0.5875,0.7797217391304347,0.7113702623906706,0.5826081261776461,0.5841584158415841,0.7555882352941177,0.6956521739130435
1,56,0.5926071206728617,0.6020833333333333,0.7526217098409611,0.6821963394342762,0.5610348399322812,0.6435643564356436,0.7844117647058824,0.712
1,57,0.6094030598799388,0.53125,0.729456340378198,0.6666666666666666,0.5670723679042099,0.5198019801980198,0.7762745098039215,0.657243816254417
1,58,0.5653362760941187,0.61875,0.7779880547260227,0.7171561051004637,0.5708217160536511,0.5792079207920792,0.7858823529411765,0.6816479400749064
1,59,0.575332698225975,0.6645833333333333,0.7690411291862704,0.7347611202635914,0.5700095396230717,0.5792079207920792,0.7775490196078431,0.6816479400749064
1,60,0.5648871968189876,0.6333333333333333,0.7799864468037043,0.7267080745341615,0.5882761165647223,0.5643564356435643,0.7684313725490196,0.6811594202898551
1,61,0.5668749719858169,0.60625,0.7794273410775989,0.7087827426810478,0.5888003577100168,0.5544554455445545,0.7664705882352941,0.6808510638297872
1,62,0.5924911320209503,0.63125,0.7520834780193069,0.7121951219512195,0.571143373404399,0.5693069306930693,0.7904901960784314,0.6881720430107527
1,63,0.5612227986256282,0.5895833333333333,0.7775515176830967,0.6807131280388979,0.5724872462820298,0.6089108910891089,0.7757843137254902,0.7084870848708487
1,64,0.5785628219445547,0.65625,0.7731184478172429,0.7417840375586855,0.5764617087817429,0.5891089108910891,0.778921568627451,0.6981818181818182
1,65,0.5696626633405686,0.61875,0.773109243697479,0.724812030075188,0.5766769464653317,0.5396039603960396,0.7701960784313725,0.6666666666666666
1,66,0.5736398587624232,0.60625,0.7664414216761737,0.6746987951807228,0.6044102930786586,0.5495049504950495,0.7779411764705881,0.6761565836298933
1,67,0.556733050942421,0.6583333333333333,0.7875026043475241,0.7248322147651006,0.5725355396176329,0.5792079207920792,0.7877450980392158,0.6909090909090909
1,68,0.5595944623152415,0.6104166666666667,0.7893318965517242,0.716236722306525,0.5725949542357189,0.6237623762376238,0.7685294117647059,0.6984126984126984
1,69,0.5942228923241297,0.6333333333333333,0.7520140287519967,0.7161290322580646,0.6062675425321749,0.5445544554455446,0.7451960784313726,0.6714285714285714
1,70,0.5914290388425191,0.59375,0.7432275132275131,0.656084656084656,0.5751559102889334,0.6138613861386139,0.7725490196078432,0.6953125
1,71,0.5965394119421641,0.6270833333333333,0.7478525036664572,0.7258805513016845,0.5739126010696487,0.5643564356435643,0.7776470588235295,0.6901408450704225
1,72,0.5289940883715948,0.6020833333333333,0.8193197798572892,0.7057010785824345,0.5668967755714266,0.6039603960396039,0.7794117647058822,0.696969696969697
1,73,0.5812547385692597,0.5916666666666667,0.758713043478261,0.668918918918919,0.5743791496399606,0.5594059405940595,0.773921568627451,0.673992673992674
1,74,0.5447511275609335,0.64375,0.8016706194196428,0.7086882453151618,0.5559837626348628,0.6435643564356436,0.79,0.7096774193548387
1,75,0.5689536144336065,0.6208333333333333,0.7720019510835482,0.6818181818181818,0.5800172668872493,0.5396039603960396,0.7798039215686274,0.6642599277978339
1,76,0.5732605179150899,0.6041666666666666,0.7740949204363837,0.7012578616352201,0.5544748371190363,0.5792079207920792,0.7894117647058823,0.6792452830188679
1,77,0.5301157573858897,0.6916666666666667,0.8134516224240003,0.75,0.5622613683785542,0.6237623762376238,0.7969607843137255,0.7099236641221374
1,78,0.5585539857546489,0.6333333333333333,0.7887179665254532,0.7124183006535948,0.5423852698047562,0.6386138613861386,0.7995098039215685,0.6995884773662552
1,79,0.5351856052875519,0.6791666666666667,0.8096051897321428,0.7608695652173914,0.5785078176177374,0.5891089108910891,0.8060784313725491,0.6959706959706959
1,80,0.5726684997479121,0.6541666666666667,0.7714424951267057,0.71280276816609,0.55763574992076,0.6138613861386139,0.7897058823529413,0.7022900763358778
1,81,0.5383579730987549,0.6458333333333334,0.8028791558203323,0.7007042253521126,0.548809794506224,0.6435643564356436,0.7994117647058823,0.7165354330708661
1,82,0.5369764159123103,0.6770833333333334,0.807581340378198,0.7313691507798961,0.6156443162719802,0.5841584158415841,0.7723529411764706,0.6934306569343066
1,83,0.5204282770554225,0.6541666666666667,0.8222222222222222,0.7278688524590164,0.5460245709608097,0.6435643564356436,0.8070588235294117,0.7230769230769231
1,84,0.5597177008787791,0.6645833333333333,0.790417079573706,0.7247863247863248,0.5639044483109276,0.6287128712871287,0.7802941176470587,0.7058823529411765
1,85,0.5185036023457845,0.6875,0.8229092364167783,0.7564935064935064,0.5534536832630044,0.6386138613861386,0.7944117647058824,0.7068273092369478
1,86,0.6064531882603963,0.6020833333333333,0.7382229862304874,0.6873977086743044,0.5764641083113038,0.5148514851485149,0.792843137254902,0.6620689655172414
1,87,0.5679923593997955,0.6395833333333333,0.7758156656422011,0.71499176276771,0.5922225548489259,0.5643564356435643,0.8050980392156862,0.6857142857142857
1,88,0.565767353773117,0.61875,0.7780388471177946,0.7171561051004637,0.55171800249874,0.5841584158415841,0.7972549019607843,0.6888888888888889
1,89,0.5576521704594294,0.63125,0.7880874145934386,0.7093596059113301,0.5492442545324269,0.6039603960396039,0.7952941176470587,0.6923076923076923
1,90,0.5689426233371099,0.6395833333333333,0.7699475524475523,0.7012089810017271,0.5458547950971244,0.6089108910891089,0.8076470588235294,0.6973180076628352
1,91,0.588935520251592,0.5958333333333333,0.7504347826086957,0.6788079470198676,0.5844407689453351,0.5841584158415841,0.7654901960784314,0.6911764705882353
1,92,0.5918291618426641,0.5979166666666667,0.7485415653864852,0.6989079563182528,0.5450669999169832,0.6089108910891089,0.8075490196078431,0.7084870848708487
1,93,0.5421554386615753,0.6125,0.8074337820234477,0.7038216560509554,0.5424689644634133,0.6089108910891089,0.8,0.704119850187266
1,94,0.5087158779303232,0.6791666666666667,0.830422594069405,0.7570977917981072,0.583577834733642,0.5891089108910891,0.7940196078431373,0.6844106463878327
1,95,0.5710783948500952,0.675,0.7787506080189006,0.738255033557047,0.5540992889073816,0.6584158415841584,0.7893137254901961,0.7160493827160493
1,96,0.5628138512372971,0.6479166666666667,0.7811116320258373,0.7304625199362041,0.5742754540821113,0.599009900990099,0.7759803921568627,0.7032967032967034
1,97,0.5647486587365468,0.6,0.7695172510716043,0.673469387755102,0.5472140412519474,0.6732673267326733,0.8046078431372549,0.7338709677419355
1,98,0.5872150093317032,0.6125,0.7555744651292026,0.69,0.5418209805346952,0.5891089108910891,0.8162745098039216,0.6981818181818182
1,99,0.5747192750374476,0.58125,0.752867013320037,0.6404293381037567,0.5467418022084944,0.6485148514851485,0.7999019607843136,0.7215686274509804
1,100,0.5250936955213547,0.6666666666666666,0.8125922709509336,0.7402597402597403,0.5727215857789067,0.6188118811881188,0.7698039215686274,0.7072243346007605
1,101,0.5346487591663996,0.6916666666666667,0.8119834710743803,0.75,0.5292773170046287,0.6138613861386139,0.8231372549019608,0.7111111111111111
1,102,0.5366094102462132,0.6416666666666667,0.8049996525606282,0.7074829931972789,0.5438062890921489,0.6237623762376238,0.808235294117647,0.7142857142857143
1,103,0.5418953021367391,0.6708333333333333,0.8028298611111112,0.7331081081081081,0.5338892741958694,0.6039603960396039,0.8149019607843137,0.6992481203007519
1,104,0.5428442825873693,0.63125,0.797307234400168,0.6910994764397905,0.5274428111491817,0.599009900990099,0.8210784313725491,0.7032967032967034
1,105,0.49533807039260863,0.6895833333333333,0.8425159899888766,0.7390542907180385,0.528770364157044,0.6485148514851485,0.8165686274509805,0.7258687258687259
1,106,0.5865865836540858,0.61875,0.759976362625139,0.6893039049235993,0.5424173580537929,0.5544554455445545,0.8087254901960783,0.6785714285714286
1,107,0.5728995641072591,0.6458333333333334,0.7745651682855207,0.724025974025974,0.5570412484726103,0.5643564356435643,0.8083333333333332,0.6834532374100719
1,108,0.5414427598317464,0.65,0.8005606728073689,0.704225352112676,0.5604930732509877,0.594059405940594,0.8049019607843138,0.6962962962962963
1,109,0.5825665642817816,0.6333333333333333,0.7629220145089286,0.6944444444444444,0.5582426107755982,0.5841584158415841,0.7902941176470589,0.6888888888888889
1,110,0.5800578465064367,0.6395833333333333,0.7652186015762279,0.728414442700157,0.6192349661694895,0.49504950495049505,0.8054901960784313,0.6554054054054054
1,111,0.5226958056290945,0.6583333333333333,0.8243280783387735,0.74375,0.5654737660200289,0.5841584158415841,0.788235294117647,0.6934306569343066
1,112,0.5601615856091181,0.6645833333333333,0.7833399940921965,0.7209705372616985,0.5641665930795198,0.6089108910891089,0.7898039215686276,0.7063197026022305
1,113,0.5397708117961884,0.6166666666666667,0.8069305207463102,0.7012987012987013,0.5500494412856527,0.6138613861386139,0.7934313725490196,0.706766917293233
1,114,0.5926280041535695,0.6333333333333333,0.75078320802005,0.7241379310344828,0.5622459762167222,0.599009900990099,0.7891176470588235,0.6988847583643123
1,115,0.5399560670057932,0.63125,0.7976180142016355,0.7103109656301145,0.5657043976358848,0.6039603960396039,0.7901960784313725,0.6992481203007519
1,116,0.5279752274354299,0.6416666666666667,0.8181044809805725,0.7278481012658228,0.5476661076640138,0.6039603960396039,0.8072549019607844,0.7037037037037037
1,117,0.570172314842542,0.6416666666666667,0.7747286148501954,0.7074829931972789,0.5320244635095691,0.6485148514851485,0.8159803921568628,0.7237354085603113
1,118,0.5273517002662023,0.6458333333333334,0.8099888392857142,0.7058823529411765,0.5365440901553277,0.6782178217821783,0.8099019607843139,0.7368421052631579
1,119,0.5525287469228108,0.625,0.7891949152542372,0.7133757961783439,0.5417959755009943,0.6089108910891089,0.8127450980392156,0.7084870848708487
1,120,0.5751698752244313,0.6291666666666667,0.7698997821350764,0.6909722222222222,0.5420932639943491,0.6287128712871287,0.8057843137254902,0.7104247104247104
1,121,0.6123841981093089,0.65,0.7355489573023563,0.7245901639344262,0.5517423300459834,0.5693069306930693,0.8245098039215687,0.6903914590747331
1,122,0.5677162726720174,0.575,0.772574200415278,0.6688311688311688,0.556463762970254,0.6287128712871287,0.7959803921568628,0.714828897338403
1,123,0.5894945512215296,0.6333333333333333,0.7483921568627451,0.7380952380952381,0.5501140137710193,0.5643564356435643,0.8141176470588235,0.6923076923076923
1,124,0.5440353522698085,0.6354166666666666,0.8038009867278161,0.7172859450726979,0.5268443583851994,0.6336633663366337,0.8224509803921569,0.7196969696969697
1,125,0.5642503629128138,0.6125,0.7817540935215572,0.7047619047619048,0.5382503896656603,0.6683168316831684,0.8180392156862744,0.7330677290836654
1,126,0.5730683575073878,0.65625,0.7717449886124584,0.736,0.556820806890431,0.5396039603960396,0.8191176470588235,0.6782006920415224
1,127,0.5169375211000442,0.6520833333333333,0.825993331480967,0.7284552845528456,0.5449792193894339,0.6336633663366337,0.806764705882353,0.7153846153846154
1,128,0.510727216800054,0.6854166666666667,0.827116935483871,0.7552674230145867,0.5510263720361313,0.6782178217821783,0.7937254901960784,0.7346938775510204
1,129,0.47001983871062597,0.7125,0.859876039514575,0.7628865979381443,0.565853745040327,0.6435643564356436,0.8063725490196078,0.7209302325581395
1,130,0.5399211933215459,0.7,0.8078853669127226,0.7455830388692579,0.5592081835954497,0.599009900990099,0.8080392156862746,0.7032967032967034
1,131,0.5421576698621114,0.6541666666666667,0.7999270377319156,0.7167235494880546,0.5346967507116865,0.6683168316831684,0.8097058823529412,0.7351778656126482
1,132,0.5006651252508163,0.6854166666666667,0.8359400824649001,0.7327433628318584,0.5364881098860561,0.6237623762376238,0.8150000000000001,0.7121212121212122
1,133,0.5319390445947647,0.6666666666666666,0.8115579199916549,0.7427652733118971,0.5510478485928904,0.599009900990099,0.8169607843137255,0.7011070110701108
1,134,0.6141675859689713,0.6291666666666667,0.7277704393770856,0.7244582043343654,0.5352918151581642,0.6237623762376238,0.8164705882352942,0.7164179104477612
1,135,0.5335864057143529,0.6541666666666667,0.8073853856986387,0.740625,0.5470614911306022,0.5792079207920792,0.8081372549019608,0.6931407942238267
1,136,0.5514321545759837,0.6208333333333333,0.7906257062883568,0.6996699669966997,0.561789324968168,0.5643564356435643,0.8079411764705882,0.6857142857142857
1,137,0.532404159506162,0.6625,0.8113757899854156,0.7290969899665551,0.5290981979653386,0.6435643564356436,0.8201960784313725,0.7272727272727273
1,138,0.5162225613991419,0.6791666666666667,0.8237796764479306,0.725,0.5279860915523944,0.6683168316831684,0.816764705882353,0.7309236947791165
1,139,0.5568896522124608,0.6583333333333333,0.7853246187363834,0.7060931899641577,0.5149160051109767,0.6584158415841584,0.8337254901960783,0.735632183908046
1,140,0.4953943048914274,0.69375,0.8412579883300917,0.7609756097560976,0.5226550167149836,0.6633663366336634,0.828529411764706,0.7364341085271318
1,141,0.5130374898513158,0.6854166666666667,0.8238573214781885,0.7373913043478261,0.5480421462861618,0.6534653465346535,0.8250980392156863,0.732824427480916
1,142,0.5923486123482387,0.6479166666666667,0.7572884652115782,0.7140439932318104,0.5219352953504808,0.6732673267326733,0.8299019607843137,0.7421875
1,143,0.5691037098566691,0.58125,0.7742697781098504,0.6834645669291338,0.5425102846457226,0.6386138613861386,0.8201960784313725,0.7224334600760456
1,144,0.5745424926280975,0.6625,0.7673332283629875,0.7552870090634441,0.5389338135719299,0.6039603960396039,0.8276470588235294,0.708029197080292
1,145,0.5246955871582031,0.6833333333333333,0.8191714702409888,0.752442996742671,0.5210438488733651,0.6287128712871287,0.8385294117647057,0.7191011235955056
1,146,0.5407513777414957,0.6625,0.8006924267993528,0.7428571428571429,0.5335210077833421,0.6485148514851485,0.8188235294117647,0.7258687258687259
1,147,0.5877038498719533,0.5979166666666667,0.7503625150683975,0.6756302521008404,0.5416779612550641,0.599009900990099,0.8163725490196079,0.7032967032967034
1,148,0.5434863597154618,0.6166666666666667,0.7993861607142856,0.6973684210526315,0.5150579597690318,0.6683168316831684,0.8302941176470587,0.7372549019607844
1,149,0.5161806493997574,0.6833333333333333,0.8223662490660458,0.738831615120275,0.5159460099616854,0.6485148514851485,0.8350980392156864,0.7279693486590039
1,150,0.5198308219512303,0.6958333333333333,0.8217330161981979,0.75,0.5309269109574875,0.6188118811881188,0.8336274509803921,0.7137546468401487
1,151,0.5517527063687643,0.6291666666666667,0.7952757273122015,0.7165605095541401,0.5235466850866185,0.6435643564356436,0.8277450980392156,0.7272727272727273
1,152,0.5080885549386343,0.6416666666666667,0.8314688842881748,0.7094594594594594,0.547526744332644,0.5742574257425742,0.8288235294117647,0.6906474820143885
1,153,0.5847444862127305,0.6625,0.7669648284845852,0.7352941176470589,0.5350687149727699,0.6287128712871287,0.825,0.7191011235955056
1,154,0.5356230686108271,0.6291666666666667,0.8077130107134796,0.7156549520766773,0.5289903259513402,0.6683168316831684,0.8205882352941176,0.7392996108949417
1,155,0.5636338392893473,0.6604166666666667,0.7855394071990415,0.7241962774957699,0.5496379384900084,0.5693069306930693,0.8257843137254901,0.6903914590747331
1,156,0.505048742890358,0.6416666666666667,0.838640522875817,0.7180327868852459,0.5313119675853465,0.6435643564356436,0.8211764705882353,0.7272727272727273
1,157,0.5649356772502263,0.6333333333333333,0.7771344866071429,0.696551724137931,0.5331000603071534,0.6435643564356436,0.8176470588235295,0.7272727272727273
1,158,0.5153689752022426,0.6625,0.8255178041285438,0.7395498392282959,0.5406304639164764,0.6336633663366337,0.8164705882352941,0.7218045112781954
1,159,0.5071895514925321,0.6916666666666667,0.8294086956521739,0.7448275862068966,0.5365135055957454,0.6831683168316832,0.8142156862745099,0.746031746031746
1,160,0.5606717099746068,0.6291666666666667,0.7846634824142422,0.6993243243243243,0.5391965319614599,0.6485148514851485,0.8094117647058824,0.7237354085603113
1,161,0.48540501097838085,0.7,0.8501538622020549,0.7437722419928826,0.5413924957265949,0.6485148514851485,0.8058823529411765,0.7237354085603113
1,162,0.5249083469311396,0.675,0.8174168535614318,0.7475728155339806,0.5420349762581362,0.6534653465346535,0.805,0.7244094488188977
1,163,0.5563249369462331,0.6458333333333334,0.7853140976258841,0.6942446043165468,0.5307531991217396,0.6782178217821783,0.8147058823529412,0.7389558232931727
1,164,0.5051770359277725,0.675,0.8315165423599158,0.745928338762215,0.5396204862264123,0.6386138613861386,0.8177450980392157,0.7203065134099617
1,165,0.5302753746509552,0.6708333333333333,0.8105934264470851,0.7256944444444444,0.5150921722449878,0.6633663366336634,0.8292156862745097,0.7322834645669292
1,166,0.5196825126806895,0.65625,0.8212989808850848,0.729064039408867,0.5336016870961331,0.594059405940594,0.8279411764705882,0.6985294117647058
1,167,0.4954185167948405,0.7,0.8388166461223285,0.7542662116040956,0.5213321848671035,0.6633663366336634,0.829313725490196,0.734375
1,168,0.5331103444099426,0.6854166666666667,0.8092708333333334,0.7445008460236887,0.5272334583915106,0.6584158415841584,0.82,0.7294117647058823
1,169,0.5015611867109935,0.7020833333333333,0.8390194679796099,0.7521663778162911,0.5347644462443815,0.6633663366336634,0.8143137254901961,0.728
1,170,0.5577954351902008,0.6145833333333334,0.7874025341130605,0.6901172529313233,0.5267391933663057,0.6782178217821783,0.8223529411764706,0.7430830039525692
1,171,0.5546332359313965,0.6666666666666666,0.7898921856282227,0.7333333333333333,0.5190102221942184,0.6386138613861386,0.8295098039215687,0.7245283018867924
1,172,0.5293071081240972,0.6645833333333333,0.8107967185761958,0.735632183908046,0.5370692056004364,0.5841584158415841,0.8232352941176471,0.6934306569343066
1,173,0.5306022693713506,0.6708333333333333,0.8117739130434782,0.7451612903225806,0.5179582568678526,0.6485148514851485,0.8304901960784314,0.7279693486590039
1,174,0.550297212600708,0.64375,0.7901699346405229,0.7036395147313691,0.5270713992638163,0.6584158415841584,0.8187254901960784,0.7335907335907336
1,175,0.5756409794092179,0.6208333333333333,0.7670679591411298,0.7120253164556962,0.5271022880431449,0.599009900990099,0.8247058823529412,0.7011070110701108
1,176,0.5619196782509486,0.63125,0.7792670011632147,0.7112561174551386,0.537396776204062,0.6485148514851485,0.8141176470588235,0.7279693486590039
1,177,0.5505045076211293,0.60625,0.7904924665178571,0.6865671641791045,0.5151908704549959,0.6336633663366337,0.8358823529411766,0.7196969696969697
1,178,0.502809222539266,0.6625,0.8355371757224027,0.7281879194630873,0.5025834751011121,0.6683168316831684,0.8399019607843137,0.7372549019607844
1,179,0.5115666369597117,0.6458333333333334,0.8245455650271706,0.717607973421927,0.5167602058684472,0.6386138613861386,0.832843137254902,0.7245283018867924
1,180,0.5003136525551478,0.6645833333333333,0.8346157186278766,0.7312186978297162,0.5230749131429313,0.6683168316831684,0.8208823529411764,0.7372549019607844
1,181,0.5473394483327866,0.6729166666666667,0.7993783750933304,0.7352445193929174,0.516139546833416,0.6782178217821783,0.8263725490196079,0.7430830039525692
1,182,0.5704104244709015,0.66875,0.7779861436682813,0.7291311754684838,0.5321162661703507,0.6138613861386139,0.8186274509803921,0.7111111111111111
1,183,0.5720209876696268,0.6229166666666667,0.7751753593999584,0.706645056726094,0.5382641500765735,0.6138613861386139,0.8125490196078431,0.7111111111111111
1,184,0.5554924577474594,0.6020833333333333,0.7826424003241776,0.6678260869565218,0.5408998671734687,0.6485148514851485,0.8080392156862745,0.7300380228136882
1,185,0.534960980216662,0.65625,0.8079304347826088,0.7208121827411168,0.5352718729783993,0.6485148514851485,0.8122549019607843,0.7279693486590039
1,186,0.5154862682024638,0.6333333333333333,0.8260469477047017,0.7170418006430869,0.5395143291737774,0.6534653465346535,0.8083333333333333,0.7265625
1,187,0.5144203146298726,0.7,0.8253199284610443,0.7482517482517482,0.5345104991799534,0.6138613861386139,0.8138235294117647,0.7089552238805971
1,188,0.5529113511244456,0.6541666666666667,0.7927746417716023,0.7305194805194806,0.5345880005619313,0.6435643564356436,0.8158823529411765,0.7272727272727273
1,189,0.5205112144351005,0.6604166666666667,0.81916597048176,0.7269681742043551,0.5378198240062978,0.6287128712871287,0.8112745098039215,0.714828897338403
1,190,0.48238507509231565,0.68125,0.8507535245503159,0.7487684729064039,0.5451533269174028,0.6336633663366337,0.8092156862745098,0.7175572519083969
1,191,0.5282444894313812,0.6666666666666666,0.8140669490936872,0.739413680781759,0.5299216561978406,0.6534653465346535,0.8170588235294118,0.7286821705426356
1,192,0.4872708757718404,0.7020833333333333,0.8467046718576197,0.7604690117252931,0.5332306086426915,0.6534653465346535,0.8203921568627451,0.7307692307692307
1,193,0.5269966671864191,0.6333333333333333,0.8102086956521738,0.697594501718213,0.533746053086649,0.6683168316831684,0.812156862745098,0.7351778656126482
1,194,0.5741931637128194,0.66875,0.7738020833333332,0.7272727272727273,0.5211688427641841,0.6386138613861386,0.83,0.7203065134099617
1,195,0.5656688213348389,0.6354166666666666,0.7799200851494478,0.6945898778359512,0.5320677863489284,0.6386138613861386,0.8179411764705882,0.7203065134099617
1,196,0.5379445920387904,0.66875,0.8058333333333333,0.7354409317803661,0.5308812337346597,0.6287128712871287,0.8185294117647058,0.7126436781609196
1,197,0.572812790175279,0.6291666666666667,0.7677241235609731,0.7062706270627063,0.5241024889568291,0.6633663366336634,0.8229411764705883,0.734375
1,198,0.5617432564496994,0.65,0.7827279672199459,0.7123287671232876,0.5283283308000848,0.6435643564356436,0.8209803921568628,0.7230769230769231
1,199,0.5506239170829456,0.6541666666666667,0.7917151743670832,0.7322580645161291,0.5394507109528721,0.6287128712871287,0.8100980392156862,0.7126436781609196
1,200,0.5033506234486897,0.66875,0.8330784204671857,0.7300509337860781,0.5362583634876968,0.6435643564356436,0.8101960784313725,0.7230769230769231
